alg,benchmark,constant,numruns,instance,evals_to_tol_0,evals_to_tol_1,evals_to_tol_2,evals_to_tol_3,evals_to_tol_4,evals_to_tol_5,evals_to_tol_6,evals_to_tol_7,evals_to_tol_8,evals_to_tol_9
ftg,nguyen5,koza-erc,100,42,3,10,45,45,45,45,140,269,1200,1000000000
ftg,nguyen5,koza-erc,100,53,3,76,116,221,339,379,474,528,528,528
ftg,nguyen5,koza-erc,100,54,3,21,61,142,201,201,272,555,555,1000000000
ftg,nguyen5,koza-erc,100,5,3,10,19,231,382,382,425,425,474,1000000000
ftg,nguyen5,koza-erc,100,17,3,60,98,200,234,234,302,646,1445,1445
ftg,nguyen5,koza-erc,100,74,3,44,96,254,290,290,375,542,542,542
ftg,nguyen5,koza-erc,100,36,3,15,113,350,350,388,388,500,500,1000000000
ftg,nguyen5,koza-erc,100,16,3,10,95,166,293,333,426,491,491,491
ftg,nguyen5,koza-erc,100,49,3,11,101,101,101,101,101,395,672,1000000000
ftg,nguyen5,koza-erc,100,60,3,60,232,298,298,298,335,414,755,1000000000
ftg,nguyen5,koza-erc,100,24,3,98,177,271,308,430,529,529,529,529
ftg,nguyen5,koza-erc,100,80,3,30,77,77,193,303,563,563,563,563
ftg,nguyen5,koza-erc,100,9,3,97,199,295,295,383,426,475,526,526
ftg,nguyen5,koza-erc,100,44,3,60,144,172,416,416,461,571,571,571
ftg,nguyen5,koza-erc,100,91,3,10,19,227,258,301,419,419,419,419
ftg,nguyen5,koza-erc,100,23,3,23,51,51,200,417,474,567,567,567
ftg,nguyen5,koza-erc,100,13,3,31,61,146,265,378,508,552,552,552
ftg,nguyen5,koza-erc,100,31,3,20,59,59,59,103,244,6454,12463,12463
ftg,nguyen5,koza-erc,100,57,3,19,59,59,59,135,403,586,790,790
ftg,nguyen5,koza-erc,100,71,3,77,77,140,140,401,454,454,546,546
ftg,nguyen5,koza-erc,100,35,3,30,170,293,293,293,726,1028,1028,1028
ftg,nguyen5,koza-erc,100,67,3,31,44,222,410,410,460,537,537,537
ftg,nguyen5,koza-erc,100,11,3,115,115,163,289,444,601,601,601,601
ftg,nguyen5,koza-erc,100,21,3,20,79,121,144,264,302,578,578,1000000000
ftg,nguyen5,koza-erc,100,84,3,10,121,379,1525,1657,1657,6163,6163,6163
ftg,nguyen5,koza-erc,100,83,3,30,96,118,170,349,461,1206,1348,1000000000
ftg,nguyen5,koza-erc,100,62,3,21,32,199,228,380,651,651,651,651
ftg,nguyen5,koza-erc,100,73,3,19,59,105,178,268,432,642,642,642
ftg,nguyen5,koza-erc,100,28,3,60,118,141,228,334,422,537,537,537
ftg,nguyen5,koza-erc,100,27,3,31,98,119,149,311,397,397,676,676
ftg,nguyen5,koza-erc,100,92,3,19,30,30,30,30,65,195,294,1000000000
ftg,nguyen5,koza-erc,100,72,3,10,58,75,75,75,75,168,353,1000000000
ftg,nguyen5,koza-erc,100,64,3,10,98,173,337,468,468,468,468,1000000000
ftg,nguyen5,koza-erc,100,52,3,37,67,128,206,280,353,353,353,1000000000
ftg,nguyen5,koza-erc,100,7,3,45,143,196,407,494,494,569,569,569
ftg,nguyen5,koza-erc,100,51,3,60,143,292,409,462,681,681,681,681
ftg,nguyen5,koza-erc,100,82,3,21,47,47,47,150,377,511,771,771
ftg,nguyen5,koza-erc,100,3,3,31,119,622,782,1131,1131,1131,1131,1131
ftg,nguyen5,koza-erc,100,39,3,44,78,144,144,344,344,653,653,653
ftg,nguyen5,koza-erc,100,33,3,10,21,21,101,308,436,673,673,1000000000
ftg,nguyen5,koza-erc,100,38,3,20,79,171,413,508,508,508,508,508
ftg,nguyen5,koza-erc,100,19,3,58,101,145,232,263,350,542,542,542
ftg,nguyen5,koza-erc,100,76,3,10,78,186,473,473,525,525,525,525
ftg,nguyen5,koza-erc,100,79,3,31,31,108,179,271,482,534,534,1000000000
ftg,nguyen5,koza-erc,100,96,3,58,77,98,229,315,464,464,464,1000000000
ftg,nguyen5,koza-erc,100,75,3,19,45,65,177,243,243,393,1864,1000000000
ftg,nguyen5,koza-erc,100,93,3,20,144,144,144,144,205,236,276,1000000000
ftg,nguyen5,koza-erc,100,48,3,19,61,233,389,471,525,525,525,525
ftg,nguyen5,koza-erc,100,68,3,10,121,121,257,366,409,510,510,510
ftg,nguyen5,koza-erc,100,70,3,89,180,180,380,428,1932,1932,1932,1932
ftg,nguyen5,koza-erc,100,50,3,62,81,100,100,156,218,445,523,523
ftg,nguyen5,koza-erc,100,89,3,12,45,45,177,349,387,387,387,1000000000
ftg,nguyen5,koza-erc,100,8,3,10,59,59,59,119,430,493,681,681
ftg,nguyen5,koza-erc,100,69,3,44,44,44,186,243,409,676,676,1000000000
ftg,nguyen5,koza-erc,100,20,3,20,45,119,143,235,302,401,1413,1000000000
ftg,nguyen5,koza-erc,100,85,3,10,99,265,6249,6249,6249,6249,6249,6249
ftg,nguyen5,koza-erc,100,15,3,31,44,59,153,276,495,831,831,831
ftg,nguyen5,koza-erc,100,59,3,19,43,117,140,140,289,576,1245,1245
ftg,nguyen5,koza-erc,100,40,3,10,118,118,118,118,340,550,550,550
ftg,nguyen5,koza-erc,100,66,3,19,77,173,424,468,516,516,516,516
ftg,nguyen5,koza-erc,100,25,3,30,120,171,234,389,389,966,966,1000000000
ftg,nguyen5,koza-erc,100,97,3,21,47,125,336,336,974,974,974,1000000000
ftg,nguyen5,koza-erc,100,4,3,60,167,196,3956,3956,4162,6084,6084,6084
ftg,nguyen5,koza-erc,100,88,3,43,139,165,265,459,459,508,508,508
ftg,nguyen5,koza-erc,100,43,3,21,38,51,51,85,274,547,547,547
ftg,nguyen5,koza-erc,100,55,3,45,102,296,472,564,564,564,564,564
ftg,nguyen5,koza-erc,100,99,3,59,97,97,97,342,549,664,664,1000000000
ftg,nguyen5,koza-erc,100,81,3,43,59,77,77,246,316,354,670,670
ftg,nguyen5,koza-erc,100,29,3,12,35,126,239,239,404,456,798,798
ftg,nguyen5,koza-erc,100,77,3,30,118,142,142,142,142,406,533,1000000000
ftg,nguyen5,koza-erc,100,98,3,61,166,166,166,224,436,785,785,785
ftg,nguyen5,koza-erc,100,65,3,19,44,97,199,232,468,677,990,990
ftg,nguyen5,koza-erc,100,78,3,77,127,151,179,306,416,632,862,862
ftg,nguyen5,koza-erc,100,37,3,78,78,119,224,502,603,603,603,603
ftg,nguyen5,koza-erc,100,90,3,34,99,144,231,301,375,1080,1080,1080
ftg,nguyen5,koza-erc,100,12,3,11,31,76,216,668,668,750,750,750
ftg,nguyen5,koza-erc,100,45,3,64,100,100,150,206,278,528,627,1000000000
ftg,nguyen5,koza-erc,100,56,3,34,34,100,100,128,339,461,605,605
ftg,nguyen5,koza-erc,100,14,3,103,124,148,296,702,37885,37885,37885,37885
ftg,nguyen5,koza-erc,100,47,3,32,195,195,195,195,238,507,555,1000000000
ftg,nguyen5,koza-erc,100,86,3,45,60,60,172,208,334,526,663,1000000000
ftg,nguyen5,koza-erc,100,22,3,20,100,100,304,304,304,795,3129,3129
ftg,nguyen5,koza-erc,100,58,3,45,45,97,195,291,398,398,446,1000000000
ftg,nguyen5,koza-erc,100,87,3,44,119,142,381,462,559,559,559,559
ftg,nguyen5,koza-erc,100,61,3,30,61,61,61,61,340,469,1326,1326
ftg,nguyen5,koza-erc,100,46,3,45,60,230,230,420,512,512,512,512
ftg,nguyen5,koza-erc,100,32,3,33,102,203,302,386,386,655,784,784
ftg,nguyen5,koza-erc,100,6,3,30,59,229,229,427,533,533,3071,3071
ftg,nguyen5,koza-erc,100,63,3,19,78,173,275,395,567,567,1204,1204
ftg,nguyen5,koza-erc,100,95,3,59,140,255,372,411,527,527,527,527
ftg,nguyen5,koza-erc,100,26,3,10,30,60,60,60,77,252,1612,1612
ftg,nguyen5,koza-erc,100,30,3,62,79,142,196,196,314,437,631,631
ftg,nguyen5,koza-erc,100,1,3,21,21,80,149,355,478,478,773,773
ftg,nguyen5,koza-erc,100,0,3,79,79,310,345,426,426,650,650,650
ftg,nguyen5,koza-erc,100,41,3,62,145,195,289,362,692,868,868,868
ftg,nguyen5,koza-erc,100,34,3,46,142,142,383,468,468,511,511,511
ftg,nguyen5,koza-erc,100,18,3,22,83,83,103,213,267,503,725,725
ftg,nguyen5,koza-erc,100,94,3,76,76,223,326,363,426,426,495,1000000000
ftg,nguyen5,koza-erc,100,2,3,47,79,232,266,336,621,621,778,778
ftg,nguyen5,koza-erc,100,10,3,30,76,118,309,520,566,566,566,566
ftg,nguyen7,koza-erc,100,42,10,19,45,60,60,351,520,520,676,1000000000
ftg,nguyen7,koza-erc,100,53,31,76,95,95,139,164,164,375,798,798
ftg,nguyen7,koza-erc,100,54,11,21,21,142,170,240,304,339,610,610
ftg,nguyen7,koza-erc,100,5,10,19,19,59,59,396,556,556,556,556
ftg,nguyen7,koza-erc,100,17,31,60,60,60,77,77,242,510,642,1000000000
ftg,nguyen7,koza-erc,100,74,19,19,19,168,195,300,449,1081,1081,1081
ftg,nguyen7,koza-erc,100,36,15,132,155,155,155,210,423,505,604,604
ftg,nguyen7,koza-erc,100,16,19,59,59,95,164,209,422,3033,3033,3033
ftg,nguyen7,koza-erc,100,49,11,20,32,61,81,81,409,409,765,1000000000
ftg,nguyen7,koza-erc,100,60,10,10,45,60,82,82,257,596,596,1000000000
ftg,nguyen7,koza-erc,100,24,43,43,43,241,241,241,289,326,604,1000000000
ftg,nguyen7,koza-erc,100,80,19,30,30,61,138,229,229,448,4439,1000000000
ftg,nguyen7,koza-erc,100,9,46,46,61,145,231,383,383,473,517,517
ftg,nguyen7,koza-erc,100,44,19,19,19,100,100,303,380,380,504,1000000000
ftg,nguyen7,koza-erc,100,91,10,43,43,76,169,200,388,521,706,706
ftg,nguyen7,koza-erc,100,23,10,10,36,84,84,135,441,760,854,854
ftg,nguyen7,koza-erc,100,13,31,31,61,78,78,122,180,697,864,1000000000
ftg,nguyen7,koza-erc,100,31,11,11,20,59,59,355,523,635,635,635
ftg,nguyen7,koza-erc,100,57,10,10,10,59,59,132,269,412,754,754
ftg,nguyen7,koza-erc,100,71,31,31,77,142,142,142,312,914,914,914
ftg,nguyen7,koza-erc,100,35,10,10,19,123,207,207,354,354,462,462
ftg,nguyen7,koza-erc,100,67,31,59,59,117,228,375,478,478,673,673
ftg,nguyen7,koza-erc,100,11,94,94,94,191,191,191,191,539,539,1000000000
ftg,nguyen7,koza-erc,100,21,10,10,44,121,121,268,302,434,539,539
ftg,nguyen7,koza-erc,100,84,10,19,19,125,148,251,463,510,567,1000000000
ftg,nguyen7,koza-erc,100,83,19,19,19,77,204,273,360,504,641,641
ftg,nguyen7,koza-erc,100,62,21,32,99,120,120,277,385,436,859,859
ftg,nguyen7,koza-erc,100,73,30,30,30,43,67,105,156,970,970,1000000000
ftg,nguyen7,koza-erc,100,28,60,60,77,77,146,233,707,707,6914,6914
ftg,nguyen7,koza-erc,100,27,10,31,31,98,98,191,530,530,530,530
ftg,nguyen7,koza-erc,100,92,19,30,48,48,107,132,247,352,569,1000000000
ftg,nguyen7,koza-erc,100,72,10,58,75,94,140,140,167,324,1474,1474
ftg,nguyen7,koza-erc,100,64,20,31,31,31,149,174,297,372,502,1000000000
ftg,nguyen7,koza-erc,100,52,24,24,67,107,151,183,306,540,927,1000000000
ftg,nguyen7,koza-erc,100,7,19,78,143,143,143,198,273,318,486,1000000000
ftg,nguyen7,koza-erc,100,51,32,32,45,45,228,295,541,737,737,737
ftg,nguyen7,koza-erc,100,82,21,32,32,47,47,212,283,464,2484,2484
ftg,nguyen7,koza-erc,100,3,10,10,31,119,259,259,404,1086,1086,1086
ftg,nguyen7,koza-erc,100,39,10,19,19,44,61,61,61,103,227,1000000000
ftg,nguyen7,koza-erc,100,33,10,32,45,62,101,242,280,7737,56747,1000000000
ftg,nguyen7,koza-erc,100,38,11,32,32,47,47,108,464,506,669,669
ftg,nguyen7,koza-erc,100,19,10,10,30,43,43,67,280,495,538,1000000000
ftg,nguyen7,koza-erc,100,76,44,78,97,122,149,212,398,555,555,555
ftg,nguyen7,koza-erc,100,79,10,10,10,44,68,68,165,2288,9428,1000000000
ftg,nguyen7,koza-erc,100,96,10,10,19,78,78,277,370,561,561,561
ftg,nguyen7,koza-erc,100,75,32,45,45,83,83,83,83,4716,4716,4716
ftg,nguyen7,koza-erc,100,93,20,31,77,120,120,169,276,385,435,1000000000
ftg,nguyen7,koza-erc,100,48,30,61,78,97,236,343,587,648,648,648
ftg,nguyen7,koza-erc,100,68,10,46,46,121,145,145,353,514,620,620
ftg,nguyen7,koza-erc,100,70,10,10,19,155,155,155,405,442,503,1000000000
ftg,nguyen7,koza-erc,100,50,19,19,45,81,180,352,605,605,605,605
ftg,nguyen7,koza-erc,100,89,12,32,32,60,60,241,443,577,577,577
ftg,nguyen7,koza-erc,100,8,10,95,95,116,174,236,236,401,724,1000000000
ftg,nguyen7,koza-erc,100,69,10,10,10,44,60,114,192,369,908,1000000000
ftg,nguyen7,koza-erc,100,20,10,20,20,45,45,95,379,515,716,1000000000
ftg,nguyen7,koza-erc,100,85,10,60,77,77,265,350,466,466,2002,2002
ftg,nguyen7,koza-erc,100,15,10,10,10,77,77,117,218,452,580,580
ftg,nguyen7,koza-erc,100,59,19,43,140,166,166,166,258,534,849,849
ftg,nguyen7,koza-erc,100,40,30,44,44,59,59,148,425,474,544,1000000000
ftg,nguyen7,koza-erc,100,66,30,30,30,58,58,310,386,386,386,1000000000
ftg,nguyen7,koza-erc,100,25,19,19,19,75,75,431,536,768,768,768
ftg,nguyen7,koza-erc,100,97,21,47,47,47,47,128,178,275,495,1000000000
ftg,nguyen7,koza-erc,100,4,10,60,60,77,143,170,297,507,725,725
ftg,nguyen7,koza-erc,100,88,43,58,58,96,117,146,506,657,657,1000000000
ftg,nguyen7,koza-erc,100,43,10,10,10,38,85,163,364,568,568,1000000000
ftg,nguyen7,koza-erc,100,55,10,10,45,80,231,231,305,444,677,677
ftg,nguyen7,koza-erc,100,99,10,30,97,97,292,5022,8162,27980,27980,27980
ftg,nguyen7,koza-erc,100,81,30,43,59,77,77,77,287,287,631,1000000000
ftg,nguyen7,koza-erc,100,29,35,35,65,84,153,211,318,795,795,1000000000
ftg,nguyen7,koza-erc,100,77,30,30,30,61,61,61,153,343,840,840
ftg,nguyen7,koza-erc,100,98,32,78,118,167,196,196,248,543,1384,1384
ftg,nguyen7,koza-erc,100,65,44,59,59,76,76,173,201,347,1022,1000000000
ftg,nguyen7,koza-erc,100,78,44,44,44,103,103,103,103,632,2477,1000000000
ftg,nguyen7,koza-erc,100,37,10,10,32,46,104,104,328,559,607,1000000000
ftg,nguyen7,koza-erc,100,90,21,21,21,47,121,282,330,447,683,683
ftg,nguyen7,koza-erc,100,12,11,44,44,44,116,576,576,1667,1667,1000000000
ftg,nguyen7,koza-erc,100,45,10,10,34,64,64,100,217,322,623,1000000000
ftg,nguyen7,koza-erc,100,56,34,47,64,101,101,101,266,482,533,1000000000
ftg,nguyen7,koza-erc,100,14,10,10,49,103,150,352,352,352,352,352
ftg,nguyen7,koza-erc,100,47,32,45,45,60,118,141,343,1177,5219,5219
ftg,nguyen7,koza-erc,100,86,12,12,12,46,81,139,225,455,786,786
ftg,nguyen7,koza-erc,100,22,20,20,35,48,176,205,384,434,483,483
ftg,nguyen7,koza-erc,100,58,10,10,45,45,45,97,175,248,669,1000000000
ftg,nguyen7,koza-erc,100,87,10,10,31,97,146,172,269,541,909,909
ftg,nguyen7,koza-erc,100,61,19,19,45,61,145,346,508,629,629,629
ftg,nguyen7,koza-erc,100,46,31,77,77,77,77,237,466,708,708,708
ftg,nguyen7,koza-erc,100,32,10,10,33,81,81,103,272,365,481,1000000000
ftg,nguyen7,koza-erc,100,6,30,75,117,117,117,117,168,286,286,1000000000
ftg,nguyen7,koza-erc,100,63,30,30,30,30,59,59,79,214,414,1000000000
ftg,nguyen7,koza-erc,100,95,44,44,59,59,59,102,309,582,732,1000000000
ftg,nguyen7,koza-erc,100,26,60,60,60,77,264,423,469,512,512,512
ftg,nguyen7,koza-erc,100,30,47,62,79,119,119,402,457,457,457,1000000000
ftg,nguyen7,koza-erc,100,1,10,10,21,63,204,267,810,810,6655,6655
ftg,nguyen7,koza-erc,100,0,31,79,79,79,99,169,425,1193,1193,1193
ftg,nguyen7,koza-erc,100,41,31,31,31,171,201,231,304,404,458,458
ftg,nguyen7,koza-erc,100,34,21,21,32,61,197,350,429,429,2297,2297
ftg,nguyen7,koza-erc,100,18,10,10,33,83,104,186,254,378,1091,1091
ftg,nguyen7,koza-erc,100,94,43,95,95,95,199,261,414,414,1088,1088
ftg,nguyen7,koza-erc,100,2,11,11,11,100,204,269,490,490,490,490
ftg,nguyen7,koza-erc,100,10,19,19,19,76,95,206,366,464,1260,1000000000
ftg,nguyen4,koza-erc,100,42,60,60,122,202,202,202,304,4050,4050,4050
ftg,nguyen4,koza-erc,100,53,191,191,251,330,417,459,528,528,528,528
ftg,nguyen4,koza-erc,100,54,79,168,168,168,168,271,378,667,667,1000000000
ftg,nguyen4,koza-erc,100,5,59,118,491,491,491,491,616,710,710,710
ftg,nguyen4,koza-erc,100,17,98,123,123,147,234,234,265,302,871,1000000000
ftg,nguyen4,koza-erc,100,74,44,166,253,253,324,365,458,535,535,535
ftg,nguyen4,koza-erc,100,36,157,271,386,386,386,496,496,540,540,540
ftg,nguyen4,koza-erc,100,16,95,192,252,326,326,326,409,409,409,409
ftg,nguyen4,koza-erc,100,49,45,121,121,265,778,1759,1759,1759,1759,1759
ftg,nguyen4,koza-erc,100,60,232,298,335,372,372,469,1487,1487,1487,1487
ftg,nguyen4,koza-erc,100,24,175,303,303,422,469,512,512,512,512,512
ftg,nguyen4,koza-erc,100,80,59,77,162,219,325,369,569,569,569,569
ftg,nguyen4,koza-erc,100,9,199,295,332,504,504,504,504,504,504,504
ftg,nguyen4,koza-erc,100,44,100,170,170,293,455,498,498,498,498,498
ftg,nguyen4,koza-erc,100,91,30,141,141,141,301,336,419,879,879,879
ftg,nguyen4,koza-erc,100,23,48,102,102,236,597,597,668,668,668,668
ftg,nguyen4,koza-erc,100,13,61,122,171,198,376,416,552,552,552,552
ftg,nguyen4,koza-erc,100,31,124,149,265,265,463,463,463,551,1228,1228
ftg,nguyen4,koza-erc,100,57,59,99,99,126,241,365,408,1827,1827,1827
ftg,nguyen4,koza-erc,100,71,117,140,140,326,326,364,420,479,479,479
ftg,nguyen4,koza-erc,100,35,30,260,293,293,2126,2126,2126,2126,2126,2126
ftg,nguyen4,koza-erc,100,67,44,44,222,446,489,583,583,583,583,583
ftg,nguyen4,koza-erc,100,11,94,115,254,287,323,438,601,601,601,601
ftg,nguyen4,koza-erc,100,21,121,121,170,232,504,504,972,972,972,972
ftg,nguyen4,koza-erc,100,84,32,407,407,1999,1999,1999,1999,1999,5265,5265
ftg,nguyen4,koza-erc,100,83,30,142,142,295,418,418,100103,100103,1000000000,1000000000
ftg,nguyen4,koza-erc,100,62,227,258,258,258,418,459,691,691,691,691
ftg,nguyen4,koza-erc,100,73,59,121,121,262,434,478,12286,12286,12286,12286
ftg,nguyen4,koza-erc,100,28,117,165,165,281,2249,3262,3599,17768,17768,17768
ftg,nguyen4,koza-erc,100,27,98,119,119,119,119,361,466,574,734,734
ftg,nguyen4,koza-erc,100,92,64,122,122,122,199,199,269,269,658,1000000000
ftg,nguyen4,koza-erc,100,72,58,191,191,314,351,715,715,846,846,846
ftg,nguyen4,koza-erc,100,64,20,31,229,267,339,519,519,519,519,519
ftg,nguyen4,koza-erc,100,52,87,107,206,341,341,382,518,518,518,1000000000
ftg,nguyen4,koza-erc,100,7,143,224,328,367,445,489,542,542,542,542
ftg,nguyen4,koza-erc,100,51,78,143,326,326,459,504,504,504,504,504
ftg,nguyen4,koza-erc,100,82,64,230,332,410,410,456,525,525,525,525
ftg,nguyen4,koza-erc,100,3,61,429,503,1195,1195,1195,1195,1195,1195,1195
ftg,nguyen4,koza-erc,100,39,78,118,143,432,473,947,1588,1588,1588,1588
ftg,nguyen4,koza-erc,100,33,79,144,197,197,260,413,2143,2143,2143,2143
ftg,nguyen4,koza-erc,100,38,80,172,259,453,497,497,497,497,497,497
ftg,nguyen4,koza-erc,100,19,75,144,171,203,274,350,997,997,997,997
ftg,nguyen4,koza-erc,100,76,97,168,198,305,340,381,594,594,594,594
ftg,nguyen4,koza-erc,100,79,31,31,177,303,338,484,484,788,1007,1007
ftg,nguyen4,koza-erc,100,96,58,77,275,275,351,401,913,913,913,913
ftg,nguyen4,koza-erc,100,75,65,101,197,231,231,305,305,411,2085,2085
ftg,nguyen4,koza-erc,100,93,96,168,168,224,295,370,416,1606,1606,1606
ftg,nguyen4,koza-erc,100,48,78,97,203,414,457,690,690,690,690,690
ftg,nguyen4,koza-erc,100,68,78,121,197,404,404,448,494,494,494,494
ftg,nguyen4,koza-erc,100,70,180,208,237,373,501,546,546,546,546,546
ftg,nguyen4,koza-erc,100,50,81,100,100,180,313,427,477,477,605,605
ftg,nguyen4,koza-erc,100,89,32,124,149,149,149,343,385,385,385,1000000000
ftg,nguyen4,koza-erc,100,8,164,164,164,341,476,476,534,534,534,534
ftg,nguyen4,koza-erc,100,69,20,44,83,132,212,273,409,855,1202,1202
ftg,nguyen4,koza-erc,100,20,32,45,98,143,266,302,707,707,707,707
ftg,nguyen4,koza-erc,100,85,77,117,141,141,291,291,291,1149,1000000000,1000000000
ftg,nguyen4,koza-erc,100,15,44,77,143,203,350,547,547,547,595,595
ftg,nguyen4,koza-erc,100,59,58,166,166,166,294,378,435,549,713,1000000000
ftg,nguyen4,koza-erc,100,40,59,118,141,330,420,510,510,510,510,510
ftg,nguyen4,koza-erc,100,66,30,30,238,383,423,464,464,598,598,598
ftg,nguyen4,koza-erc,100,25,30,199,260,773,773,1387,18405,18405,18405,18405
ftg,nguyen4,koza-erc,100,97,47,47,102,231,296,296,296,998,998,1000000000
ftg,nguyen4,koza-erc,100,4,118,167,5156,5156,5156,7048,7048,7048,7048,7048
ftg,nguyen4,koza-erc,100,88,58,139,223,295,680,680,680,680,680,680
ftg,nguyen4,koza-erc,100,43,38,83,83,175,317,441,554,554,554,554
ftg,nguyen4,koza-erc,100,55,31,146,146,198,634,634,1045,1045,1045,1045
ftg,nguyen4,koza-erc,100,99,97,97,144,262,449,526,571,787,787,787
ftg,nguyen4,koza-erc,100,81,59,96,117,378,378,420,511,511,511,511
ftg,nguyen4,koza-erc,100,29,50,50,66,177,304,380,426,610,610,1000000000
ftg,nguyen4,koza-erc,100,77,118,118,142,237,419,520,520,520,520,520
ftg,nguyen4,koza-erc,100,98,166,222,253,286,405,448,448,448,600,600
ftg,nguyen4,koza-erc,100,65,76,141,141,141,488,688,1878,1878,1878,1878
ftg,nguyen4,koza-erc,100,78,103,125,236,1796,8040,8040,8040,8040,8040,1000000000
ftg,nguyen4,koza-erc,100,37,46,119,170,253,498,550,550,550,550,550
ftg,nguyen4,koza-erc,100,90,47,119,261,356,356,398,100017,1000000000,1000000000,1000000000
ftg,nguyen4,koza-erc,100,12,139,139,216,459,720,1080,1080,1080,1080,1080
ftg,nguyen4,koza-erc,100,45,100,203,232,426,467,467,467,467,1004,1004
ftg,nguyen4,koza-erc,100,56,99,120,143,143,174,1244,19347,19347,1000000000,1000000000
ftg,nguyen4,koza-erc,100,14,124,124,228,328,473,516,516,3419,3419,1000000000
ftg,nguyen4,koza-erc,100,47,45,96,118,225,225,225,469,698,698,698
ftg,nguyen4,koza-erc,100,86,45,45,146,236,355,355,493,652,652,652
ftg,nguyen4,koza-erc,100,22,20,99,202,335,501,501,501,501,1066,1066
ftg,nguyen4,koza-erc,100,58,32,60,258,407,407,407,486,486,532,532
ftg,nguyen4,koza-erc,100,87,78,97,170,412,451,545,965,965,965,965
ftg,nguyen4,koza-erc,100,61,100,100,191,253,405,482,41572,41572,41572,41572
ftg,nguyen4,koza-erc,100,46,260,260,333,411,453,504,504,504,504,504
ftg,nguyen4,koza-erc,100,32,102,231,231,370,424,577,577,944,944,944
ftg,nguyen4,koza-erc,100,6,117,117,166,327,406,406,805,805,7772,7772
ftg,nguyen4,koza-erc,100,63,30,77,123,319,1182,1623,1623,1623,1623,1623
ftg,nguyen4,koza-erc,100,95,59,255,288,288,468,513,513,513,513,513
ftg,nguyen4,koza-erc,100,26,30,30,187,187,187,1491,3534,3534,3534,1000000000
ftg,nguyen4,koza-erc,100,30,167,224,224,380,380,380,380,454,454,454
ftg,nguyen4,koza-erc,100,1,21,122,230,267,382,382,428,4557,4557,4557
ftg,nguyen4,koza-erc,100,0,120,260,333,502,502,502,502,502,502,502
ftg,nguyen4,koza-erc,100,41,31,79,119,362,362,726,1043,1043,1043,1043
ftg,nguyen4,koza-erc,100,34,97,168,337,378,461,461,510,510,510,510
ftg,nguyen4,koza-erc,100,18,48,83,83,83,103,212,212,564,564,1000000000
ftg,nguyen4,koza-erc,100,94,117,193,223,362,362,362,466,466,65773,65773
ftg,nguyen4,koza-erc,100,2,47,62,203,335,518,561,561,561,561,561
ftg,nguyen4,koza-erc,100,10,30,140,166,724,724,724,724,724,724,724
ftg,nguyen6,koza-erc,100,42,19,60,78,408,449,449,1193,1193,1193,1193
ftg,nguyen6,koza-erc,100,53,191,191,191,191,286,516,516,516,516,516
ftg,nguyen6,koza-erc,100,54,11,45,200,200,200,237,342,475,599,599
ftg,nguyen6,koza-erc,100,5,59,59,59,306,425,425,474,548,548,548
ftg,nguyen6,koza-erc,100,17,11,77,147,200,234,234,386,746,1010,1010
ftg,nguyen6,koza-erc,100,74,19,96,166,166,295,497,497,497,578,578
ftg,nguyen6,koza-erc,100,36,157,157,157,386,386,386,436,542,542,542
ftg,nguyen6,koza-erc,100,16,19,30,95,95,192,231,301,357,849,849
ftg,nguyen6,koza-erc,100,49,60,60,121,121,144,305,697,697,1585,1585
ftg,nguyen6,koza-erc,100,60,10,77,232,335,372,414,559,559,799,799
ftg,nguyen6,koza-erc,100,24,43,124,203,466,552,552,552,552,552,552
ftg,nguyen6,koza-erc,100,80,43,59,77,162,219,293,462,563,563,563
ftg,nguyen6,koza-erc,100,9,46,97,261,332,462,506,506,506,506,506
ftg,nguyen6,koza-erc,100,44,19,45,170,198,415,503,503,503,503,503
ftg,nguyen6,koza-erc,100,91,30,75,141,141,166,223,302,338,421,1000000000
ftg,nguyen6,koza-erc,100,23,10,33,102,102,236,354,443,443,1614,1000000000
ftg,nguyen6,koza-erc,100,13,31,78,97,171,264,508,559,559,559,559
ftg,nguyen6,koza-erc,100,31,11,124,149,202,303,434,434,434,517,517
ftg,nguyen6,koza-erc,100,57,10,59,99,99,209,283,609,890,890,890
ftg,nguyen6,koza-erc,100,71,31,96,140,140,365,405,405,479,479,1000000000
ftg,nguyen6,koza-erc,100,35,10,30,170,293,293,293,994,994,994,994
ftg,nguyen6,koza-erc,100,67,59,59,59,222,410,410,537,537,537,537
ftg,nguyen6,koza-erc,100,11,19,115,115,190,289,459,459,559,607,607
ftg,nguyen6,koza-erc,100,21,10,121,121,144,232,416,504,852,852,852
ftg,nguyen6,koza-erc,100,84,19,32,197,383,383,2067,2067,2067,2873,2873
ftg,nguyen6,koza-erc,100,83,19,43,142,142,295,386,386,477,477,1000000000
ftg,nguyen6,koza-erc,100,62,46,80,228,228,461,691,691,691,691,691
ftg,nguyen6,koza-erc,100,73,30,59,102,125,262,368,556,556,556,1000000000
ftg,nguyen6,koza-erc,100,28,19,46,119,200,295,333,370,493,596,1000000000
ftg,nguyen6,koza-erc,100,27,31,31,119,119,119,279,327,477,710,710
ftg,nguyen6,koza-erc,100,92,64,122,122,122,122,122,277,463,1120,1000000000
ftg,nguyen6,koza-erc,100,72,19,58,58,75,396,396,501,3986,3986,3986
ftg,nguyen6,koza-erc,100,64,20,31,47,229,334,460,511,511,511,511
ftg,nguyen6,koza-erc,100,52,24,87,107,128,250,446,446,446,577,577
ftg,nguyen6,koza-erc,100,7,45,98,196,226,447,494,494,494,494,1000000000
ftg,nguyen6,koza-erc,100,51,32,119,258,326,403,403,585,585,585,585
ftg,nguyen6,koza-erc,100,82,32,64,230,332,332,410,410,456,525,525
ftg,nguyen6,koza-erc,100,3,10,167,2348,3878,6437,6437,6437,6437,6437,6437
ftg,nguyen6,koza-erc,100,39,19,44,97,143,309,344,606,606,606,606
ftg,nguyen6,koza-erc,100,33,79,79,144,429,575,964,964,1082,1082,1082
ftg,nguyen6,koza-erc,100,38,47,47,98,147,455,500,500,500,500,500
ftg,nguyen6,koza-erc,100,19,10,43,101,203,263,344,386,931,931,931
ftg,nguyen6,koza-erc,100,76,97,97,168,198,305,340,633,633,633,633
ftg,nguyen6,koza-erc,100,79,10,31,31,179,304,304,494,999,999,1000000000
ftg,nguyen6,koza-erc,100,96,10,43,43,77,201,351,406,504,504,504
ftg,nguyen6,koza-erc,100,75,19,32,101,145,203,233,273,371,458,1000000000
ftg,nguyen6,koza-erc,100,93,77,77,168,168,298,377,460,460,635,635
ftg,nguyen6,koza-erc,100,48,78,78,97,173,556,556,604,604,720,720
ftg,nguyen6,koza-erc,100,68,46,78,121,293,404,449,494,494,494,494
ftg,nguyen6,koza-erc,100,70,10,132,208,237,237,461,504,548,548,548
ftg,nguyen6,koza-erc,100,50,19,81,100,100,153,317,442,522,605,605
ftg,nguyen6,koza-erc,100,89,32,32,124,149,149,343,385,385,525,1000000000
ftg,nguyen6,koza-erc,100,8,95,164,164,164,307,436,480,480,480,1000000000
ftg,nguyen6,koza-erc,100,69,10,44,44,44,87,215,359,596,1168,1168
ftg,nguyen6,koza-erc,100,20,10,20,45,98,98,143,397,516,762,1000000000
ftg,nguyen6,koza-erc,100,85,77,117,117,291,291,377,758,758,1495,1000000000
ftg,nguyen6,koza-erc,100,15,10,31,117,175,203,426,565,679,679,679
ftg,nguyen6,koza-erc,100,59,10,30,140,166,166,378,378,435,556,1000000000
ftg,nguyen6,koza-erc,100,40,44,59,118,118,418,468,582,582,582,582
ftg,nguyen6,koza-erc,100,66,30,43,43,173,424,468,516,516,516,516
ftg,nguyen6,koza-erc,100,25,19,43,199,747,1649,1649,5185,15481,15481,15481
ftg,nguyen6,koza-erc,100,97,12,21,47,125,299,336,336,1090,1839,1000000000
ftg,nguyen6,koza-erc,100,4,10,43,167,242,4008,4250,4250,6370,6370,6370
ftg,nguyen6,koza-erc,100,88,58,58,165,202,374,457,501,501,501,501
ftg,nguyen6,koza-erc,100,43,10,38,83,83,83,391,561,561,561,561
ftg,nguyen6,koza-erc,100,55,10,45,124,199,374,558,558,611,611,611
ftg,nguyen6,koza-erc,100,99,19,97,97,144,144,338,381,437,481,481
ftg,nguyen6,koza-erc,100,81,43,59,77,77,342,382,382,428,428,428
ftg,nguyen6,koza-erc,100,29,50,82,82,82,206,342,456,526,902,902
ftg,nguyen6,koza-erc,100,77,30,61,118,142,267,478,536,536,536,536
ftg,nguyen6,koza-erc,100,98,118,166,222,326,371,414,511,511,782,782
ftg,nguyen6,koza-erc,100,65,59,96,141,141,169,346,6426,1000000000,1000000000,1000000000
ftg,nguyen6,koza-erc,100,78,44,103,125,236,1492,5660,5660,5660,5660,5660
ftg,nguyen6,koza-erc,100,37,10,78,142,178,254,529,592,592,592,592
ftg,nguyen6,koza-erc,100,90,21,47,119,119,226,361,796,1327,12086,12086
ftg,nguyen6,koza-erc,100,12,44,44,139,216,285,392,668,712,712,712
ftg,nguyen6,koza-erc,100,45,10,100,203,232,469,469,550,550,550,550
ftg,nguyen6,koza-erc,100,56,62,99,120,143,143,204,1860,1000000000,1000000000,1000000000
ftg,nguyen6,koza-erc,100,14,22,103,124,228,296,774,1080,1585,1585,1585
ftg,nguyen6,koza-erc,100,47,21,45,141,195,255,255,300,411,515,515
ftg,nguyen6,koza-erc,100,86,12,45,60,122,208,249,410,874,3768,3768
ftg,nguyen6,koza-erc,100,22,20,100,100,265,338,384,384,1989,1989,1989
ftg,nguyen6,koza-erc,100,58,10,45,195,333,476,476,476,476,606,606
ftg,nguyen6,koza-erc,100,87,10,78,142,301,419,419,561,561,561,561
ftg,nguyen6,koza-erc,100,61,19,82,82,171,272,859,2841,2841,27859,27859
ftg,nguyen6,koza-erc,100,46,60,60,60,260,373,373,460,460,524,524
ftg,nguyen6,koza-erc,100,32,10,81,123,231,378,378,378,820,820,820
ftg,nguyen6,koza-erc,100,6,43,58,117,255,926,926,1676,1676,86551,86551
ftg,nguyen6,koza-erc,100,63,30,30,97,118,240,432,563,763,763,763
ftg,nguyen6,koza-erc,100,95,59,140,255,290,455,455,513,513,513,513
ftg,nguyen6,koza-erc,100,26,19,60,187,187,187,187,906,906,2116,1000000000
ftg,nguyen6,koza-erc,100,30,79,167,194,224,306,344,344,344,344,1000000000
ftg,nguyen6,koza-erc,100,1,10,32,199,266,266,428,428,1875,1875,1875
ftg,nguyen6,koza-erc,100,0,120,120,237,237,345,466,466,582,582,582
ftg,nguyen6,koza-erc,100,41,31,79,145,195,195,195,1285,3495,4775,1000000000
ftg,nguyen6,koza-erc,100,34,21,97,168,383,468,468,511,511,511,511
ftg,nguyen6,koza-erc,100,18,10,48,83,83,184,212,304,630,676,676
ftg,nguyen6,koza-erc,100,94,95,117,166,223,326,326,426,426,780,1000000000
ftg,nguyen6,koza-erc,100,2,11,62,62,232,335,517,732,732,732,732
ftg,nguyen6,koza-erc,100,10,19,30,98,168,382,427,566,566,566,566
ftg,koza2,koza-erc,100,42,3,60,60,437,506,5428,100293,100293,1000000000,1000000000
ftg,koza2,koza-erc,100,53,3,139,191,251,417,459,528,528,528,528
ftg,koza2,koza-erc,100,54,3,45,168,168,168,168,196,602,1044,1044
ftg,koza2,koza-erc,100,5,3,59,203,306,306,346,387,479,479,1000000000
ftg,koza2,koza-erc,100,17,3,60,60,98,272,316,628,628,965,965
ftg,koza2,koza-erc,100,74,3,96,166,254,291,410,458,542,542,542
ftg,koza2,koza-erc,100,36,3,157,182,240,350,350,542,542,542,542
ftg,koza2,koza-erc,100,16,3,30,30,194,264,419,419,509,509,509
ftg,koza2,koza-erc,100,49,3,60,99,236,379,540,540,540,540,540
ftg,koza2,koza-erc,100,60,3,77,298,372,414,483,878,878,878,878
ftg,koza2,koza-erc,100,24,3,59,175,203,308,473,529,529,529,529
ftg,koza2,koza-erc,100,80,3,59,162,162,219,325,515,569,569,569
ftg,koza2,koza-erc,100,9,3,261,261,295,419,461,508,508,508,508
ftg,koza2,koza-erc,100,44,3,100,170,229,377,536,536,536,536,536
ftg,koza2,koza-erc,100,91,3,43,117,223,290,376,1533,1866,1866,1866
ftg,koza2,koza-erc,100,23,3,21,82,316,480,480,596,596,596,596
ftg,koza2,koza-erc,100,13,3,78,97,264,414,487,487,487,698,698
ftg,koza2,koza-erc,100,31,3,104,127,235,340,340,475,591,591,591
ftg,koza2,koza-erc,100,57,3,106,106,209,209,209,376,628,628,1000000000
ftg,koza2,koza-erc,100,71,3,117,117,166,226,395,395,505,505,505
ftg,koza2,koza-erc,100,35,3,19,77,170,266,377,1798,1798,1798,1798
ftg,koza2,koza-erc,100,67,3,59,117,117,194,336,478,680,680,680
ftg,koza2,koza-erc,100,11,3,94,94,220,331,444,561,561,561,561
ftg,koza2,koza-erc,100,21,3,121,121,232,336,462,738,2490,2490,2490
ftg,koza2,koza-erc,100,84,3,32,78,387,1705,1837,3412,3412,3412,3412
ftg,koza2,koza-erc,100,83,3,142,142,199,295,386,386,477,2928,1000000000
ftg,koza2,koza-erc,100,62,3,99,228,298,418,459,505,505,505,505
ftg,koza2,koza-erc,100,73,3,101,122,231,402,504,593,643,643,643
ftg,koza2,koza-erc,100,28,3,77,117,228,294,329,370,493,493,493
ftg,koza2,koza-erc,100,27,3,31,119,119,119,314,428,534,879,879
ftg,koza2,koza-erc,100,92,3,122,122,122,173,205,490,960,2040,1000000000
ftg,koza2,koza-erc,100,72,3,43,75,191,220,286,375,535,3678,3678
ftg,koza2,koza-erc,100,64,3,31,98,229,334,510,510,510,510,510
ftg,koza2,koza-erc,100,52,3,107,107,152,346,346,387,427,1432,1432
ftg,koza2,koza-erc,100,7,3,78,196,196,452,494,494,494,569,569
ftg,koza2,koza-erc,100,51,3,98,197,326,459,504,504,504,504,504
ftg,koza2,koza-erc,100,82,3,174,202,298,372,462,462,525,525,525
ftg,koza2,koza-erc,100,3,3,195,535,1145,1189,1189,1189,1189,1189,1189
ftg,koza2,koza-erc,100,39,3,19,78,143,343,380,597,597,597,597
ftg,koza2,koza-erc,100,33,3,32,144,169,1657,1915,2649,2649,2649,2649
ftg,koza2,koza-erc,100,38,3,47,98,199,413,413,413,413,715,715
ftg,koza2,koza-erc,100,19,3,30,30,101,204,350,388,447,853,853
ftg,koza2,koza-erc,100,76,3,168,168,198,340,381,487,594,594,594
ftg,koza2,koza-erc,100,79,3,31,153,271,304,339,535,535,535,535
ftg,koza2,koza-erc,100,96,3,43,58,98,229,315,411,516,516,516
ftg,koza2,koza-erc,100,75,3,65,101,197,197,263,340,1692,1692,1000000000
ftg,koza2,koza-erc,100,93,3,96,143,332,370,456,456,456,1029,1029
ftg,koza2,koza-erc,100,48,3,97,121,203,728,728,728,728,728,728
ftg,koza2,koza-erc,100,68,3,78,257,404,404,534,534,534,534,534
ftg,koza2,koza-erc,100,70,3,180,208,237,374,374,548,548,548,548
ftg,koza2,koza-erc,100,50,3,62,100,180,281,315,388,605,605,605
ftg,koza2,koza-erc,100,89,3,77,124,149,306,385,385,525,2074,2074
ftg,koza2,koza-erc,100,8,3,164,164,341,476,476,534,534,534,534
ftg,koza2,koza-erc,100,69,10,44,44,87,212,395,722,722,722,722
ftg,koza2,koza-erc,100,20,3,45,45,170,170,170,236,1383,1383,1383
ftg,koza2,koza-erc,100,85,3,77,117,291,377,1076,1076,2256,23704,23704
ftg,koza2,koza-erc,100,15,3,31,117,175,175,175,384,671,671,1000000000
ftg,koza2,koza-erc,100,59,3,58,166,166,193,378,378,435,669,1000000000
ftg,koza2,koza-erc,100,40,3,59,77,418,508,508,508,508,508,508
ftg,koza2,koza-erc,100,66,3,43,206,206,206,275,393,645,645,1000000000
ftg,koza2,koza-erc,100,25,3,98,199,781,1863,1863,5759,6075,6075,6075
ftg,koza2,koza-erc,100,97,3,47,47,203,336,336,1204,1204,1204,1204
ftg,koza2,koza-erc,100,4,3,60,294,294,4152,4152,6708,6708,6708,6708
ftg,koza2,koza-erc,100,88,3,94,141,230,371,501,501,501,501,501
ftg,koza2,koza-erc,100,43,3,83,175,307,354,441,554,554,554,554
ftg,koza2,koza-erc,100,55,3,45,102,338,514,514,514,514,514,514
ftg,koza2,koza-erc,100,99,3,77,144,144,144,338,381,381,637,1000000000
ftg,koza2,koza-erc,100,81,3,77,77,342,342,382,424,468,541,541
ftg,koza2,koza-erc,100,29,3,82,102,234,301,301,388,526,526,526
ftg,koza2,koza-erc,100,77,3,61,61,237,342,419,478,541,541,541
ftg,koza2,koza-erc,100,98,3,166,222,330,371,371,473,473,891,891
ftg,koza2,koza-erc,100,65,3,97,119,173,234,669,717,717,717,717
ftg,koza2,koza-erc,100,78,3,44,44,44,155,418,717,1197,1197,1197
ftg,koza2,koza-erc,100,37,3,46,142,142,254,468,524,524,592,592
ftg,koza2,koza-erc,100,90,3,47,62,62,62,101,122,273,559,1000000000
ftg,koza2,koza-erc,100,12,3,139,216,282,3790,8937,8937,8937,8937,8937
ftg,koza2,koza-erc,100,45,3,177,204,429,470,513,513,513,513,513
ftg,koza2,koza-erc,100,56,3,11,100,121,170,335,413,413,480,480
ftg,koza2,koza-erc,100,14,3,35,65,82,82,124,296,3734,4694,1000000000
ftg,koza2,koza-erc,100,47,21,45,118,224,255,334,449,523,658,658
ftg,koza2,koza-erc,100,86,3,21,21,102,245,440,482,575,575,575
ftg,koza2,koza-erc,100,22,3,81,174,265,374,374,1937,1937,1937,1937
ftg,koza2,koza-erc,100,58,3,97,195,462,462,528,528,528,528,528
ftg,koza2,koza-erc,100,87,3,31,31,198,269,462,511,701,701,701
ftg,koza2,koza-erc,100,61,3,100,191,253,546,1274,1274,1274,1000000000,1000000000
ftg,koza2,koza-erc,100,46,3,77,77,299,373,373,512,512,512,512
ftg,koza2,koza-erc,100,32,3,81,102,172,268,386,386,575,575,1000000000
ftg,koza2,koza-erc,100,6,3,97,141,255,448,681,681,681,22397,22397
ftg,koza2,koza-erc,100,63,3,44,143,143,563,650,650,650,650,650
ftg,koza2,koza-erc,100,95,3,59,140,255,373,471,471,569,569,569
ftg,koza2,koza-erc,100,26,3,60,187,187,593,593,1000000000,1000000000,1000000000,1000000000
ftg,koza2,koza-erc,100,30,3,98,119,195,422,422,422,422,422,1000000000
ftg,koza2,koza-erc,100,1,3,99,199,266,345,428,428,1875,1875,1875
ftg,koza2,koza-erc,100,0,3,47,120,310,310,345,425,486,627,627
ftg,koza2,koza-erc,100,41,3,79,79,259,362,449,676,676,676,676
ftg,koza2,koza-erc,100,34,3,97,168,383,516,516,516,516,516,516
ftg,koza2,koza-erc,100,18,3,48,103,124,270,399,605,653,653,653
ftg,koza2,koza-erc,100,94,3,117,166,289,362,362,491,628,1262,1262
ftg,koza2,koza-erc,100,2,3,62,79,335,436,532,577,577,577,577
ftg,koza2,koza-erc,100,10,3,30,142,460,460,460,504,504,504,504
ftg,koza1,koza-erc,100,42,19,60,60,334,449,449,1079,1079,1079,1079
ftg,koza1,koza-erc,100,53,191,191,251,251,457,457,508,508,508,508
ftg,koza1,koza-erc,100,54,45,142,168,168,168,168,346,553,635,635
ftg,koza1,koza-erc,100,5,59,59,298,340,340,382,479,479,479,479
ftg,koza1,koza-erc,100,17,98,98,123,147,234,265,386,386,1010,1010
ftg,koza1,koza-erc,100,74,44,141,254,254,329,496,496,496,580,580
ftg,koza1,koza-erc,100,36,157,157,313,386,386,386,498,542,542,542
ftg,koza1,koza-erc,100,16,95,164,192,292,292,292,371,371,371,1000000000
ftg,koza1,koza-erc,100,49,20,99,121,121,121,144,388,601,742,1000000000
ftg,koza1,koza-erc,100,60,201,232,298,298,372,372,603,997,997,997
ftg,koza1,koza-erc,100,24,98,203,384,552,552,552,552,552,552,552
ftg,koza1,koza-erc,100,80,43,59,77,137,219,325,475,569,569,569
ftg,koza1,koza-erc,100,9,97,228,295,332,462,462,462,508,508,508
ftg,koza1,koza-erc,100,44,79,144,170,293,293,456,456,536,536,536
ftg,koza1,koza-erc,100,91,30,30,195,225,225,336,419,419,466,1000000000
ftg,koza1,koza-erc,100,23,33,65,102,102,123,217,400,702,2642,2642
ftg,koza1,koza-erc,100,13,31,78,122,171,171,171,340,554,554,1000000000
ftg,koza1,koza-erc,100,31,20,124,149,149,235,391,434,434,434,1000000000
ftg,koza1,koza-erc,100,57,43,99,99,99,99,253,583,628,628,628
ftg,koza1,koza-erc,100,71,96,117,140,166,405,405,405,479,479,1000000000
ftg,koza1,koza-erc,100,35,30,119,260,293,293,601,1068,1068,1068,1068
ftg,koza1,koza-erc,100,67,44,44,117,222,446,489,588,588,588,588
ftg,koza1,koza-erc,100,11,94,115,163,289,331,519,601,601,601,601
ftg,koza1,koza-erc,100,21,20,121,121,201,264,376,504,852,852,852
ftg,koza1,koza-erc,100,84,32,45,407,407,2031,2031,2031,5075,5075,5075
ftg,koza1,koza-erc,100,83,30,96,142,142,374,418,418,509,1000000000,1000000000
ftg,koza1,koza-erc,100,62,61,228,228,260,260,418,556,556,556,556
ftg,koza1,koza-erc,100,73,43,121,121,121,204,234,559,654,654,654
ftg,koza1,koza-erc,100,28,117,140,196,259,329,329,416,478,579,579
ftg,koza1,koza-erc,100,27,61,119,119,119,173,314,557,557,796,796
ftg,koza1,koza-erc,100,92,64,122,122,122,122,122,149,149,483,1000000000
ftg,koza1,koza-erc,100,72,43,75,191,191,286,409,683,683,1390,1000000000
ftg,koza1,koza-erc,100,64,20,31,229,267,339,515,515,515,515,515
ftg,koza1,koza-erc,100,52,37,107,107,176,237,353,353,353,1049,1049
ftg,koza1,koza-erc,100,7,45,196,196,294,447,494,494,494,494,1000000000
ftg,koza1,koza-erc,100,51,60,143,326,326,403,459,504,504,504,504
ftg,koza1,koza-erc,100,82,32,81,230,332,332,410,410,637,637,637
ftg,koza1,koza-erc,100,3,31,119,5269,19068,19068,19068,19068,19068,19068,19068
ftg,koza1,koza-erc,100,39,44,78,143,143,410,561,561,561,561,561
ftg,koza1,koza-erc,100,33,79,121,144,911,999,999,999,2032,2032,2032
ftg,koza1,koza-erc,100,38,47,98,198,227,453,453,497,497,497,497
ftg,koza1,koza-erc,100,19,75,144,144,203,203,233,352,679,679,1000000000
ftg,koza1,koza-erc,100,76,97,168,168,168,168,240,466,466,10499,10499
ftg,koza1,koza-erc,100,79,31,31,129,271,304,344,536,536,536,1000000000
ftg,koza1,koza-erc,100,96,58,58,98,229,229,444,444,504,504,504
ftg,koza1,koza-erc,100,75,45,82,101,203,203,273,371,371,5369,1000000000
ftg,koza1,koza-erc,100,93,77,96,168,168,168,266,342,449,449,1000000000
ftg,koza1,koza-erc,100,48,78,97,121,376,508,551,551,551,551,551
ftg,koza1,koza-erc,100,68,46,121,170,404,404,494,494,494,494,494
ftg,koza1,koza-erc,100,70,132,180,208,237,500,500,588,588,588,588
ftg,koza1,koza-erc,100,50,62,81,100,100,180,242,496,775,775,775
ftg,koza1,koza-erc,100,89,32,77,124,124,203,306,349,387,387,1000000000
ftg,koza1,koza-erc,100,8,95,164,164,164,164,262,307,402,721,721
ftg,koza1,koza-erc,100,69,20,44,60,83,212,241,350,855,1162,1162
ftg,koza1,koza-erc,100,20,20,45,98,143,143,302,339,622,671,671
ftg,koza1,koza-erc,100,85,77,117,117,291,342,936,936,936,1926,1000000000
ftg,koza1,koza-erc,100,15,31,77,77,175,175,426,694,694,694,694
ftg,koza1,koza-erc,100,59,19,140,166,166,166,193,367,413,6073,6073
ftg,koza1,koza-erc,100,40,44,59,118,118,118,196,541,541,588,588
ftg,koza1,koza-erc,100,66,30,30,96,383,423,464,464,598,598,598
ftg,koza1,koza-erc,100,25,30,171,260,361,543,543,543,543,1140,1140
ftg,koza1,koza-erc,100,97,32,47,47,125,336,336,336,974,974,1000000000
ftg,koza1,koza-erc,100,4,60,118,167,1856,4472,4714,7428,7428,7428,7428
ftg,koza1,koza-erc,100,88,58,94,165,202,374,374,560,560,560,560
ftg,koza1,koza-erc,100,43,21,67,104,184,275,359,472,472,525,525
ftg,koza1,koza-erc,100,55,31,102,200,384,472,564,564,564,564,564
ftg,koza1,koza-erc,100,99,59,97,97,97,308,308,532,781,834,834
ftg,koza1,koza-erc,100,81,43,96,117,117,117,233,308,429,552,552
ftg,koza1,koza-erc,100,29,50,50,66,152,238,342,426,426,610,1000000000
ftg,koza1,koza-erc,100,77,78,118,118,118,142,142,209,658,658,658
ftg,koza1,koza-erc,100,98,118,166,222,368,490,490,551,963,963,963
ftg,koza1,koza-erc,100,65,59,96,141,141,141,141,169,386,1000000000,1000000000
ftg,koza1,koza-erc,100,78,103,103,125,236,1492,6024,6024,6024,6024,1000000000
ftg,koza1,koza-erc,100,37,46,78,119,182,413,508,508,508,592,592
ftg,koza1,koza-erc,100,90,34,119,119,451,773,1823,2024,2024,2024,2024
ftg,koza1,koza-erc,100,12,44,139,139,139,395,928,928,928,928,928
ftg,koza1,koza-erc,100,45,64,100,203,232,308,469,561,561,561,561
ftg,koza1,koza-erc,100,56,62,99,143,143,143,143,143,239,1000000000,1000000000
ftg,koza1,koza-erc,100,14,124,124,148,228,328,688,1175,1175,1175,1175
ftg,koza1,koza-erc,100,47,32,45,195,195,224,357,517,517,597,597
ftg,koza1,koza-erc,100,86,45,45,99,203,236,394,434,533,533,1000000000
ftg,koza1,koza-erc,100,22,20,35,48,99,202,339,384,384,625,1000000000
ftg,koza1,koza-erc,100,58,32,45,120,369,462,528,528,528,528,528
ftg,koza1,koza-erc,100,87,44,78,142,300,418,733,733,733,733,733
ftg,koza1,koza-erc,100,61,30,100,100,100,100,100,199,419,611,1000000000
ftg,koza1,koza-erc,100,46,77,260,260,295,373,413,504,504,504,504
ftg,koza1,koza-erc,100,32,81,172,231,231,370,424,501,501,501,1000000000
ftg,koza1,koza-erc,100,6,58,117,167,289,1389,1389,1389,1389,1389,1000000000
ftg,koza1,koza-erc,100,63,30,77,121,145,319,319,751,751,751,751
ftg,koza1,koza-erc,100,95,44,140,255,455,455,455,513,513,513,513
ftg,koza1,koza-erc,100,26,30,30,30,97,198,303,495,596,596,1000000000
ftg,koza1,koza-erc,100,30,119,167,224,224,224,344,344,561,561,561
ftg,koza1,koza-erc,100,1,21,80,199,266,345,428,428,1915,1915,1915
ftg,koza1,koza-erc,100,0,120,120,299,380,460,548,548,548,548,548
ftg,koza1,koza-erc,100,41,31,79,145,224,362,362,698,847,847,847
ftg,koza1,koza-erc,100,34,32,97,168,383,426,468,511,511,511,511
ftg,koza1,koza-erc,100,18,22,48,83,124,240,271,406,718,881,881
ftg,koza1,koza-erc,100,94,117,117,193,326,326,326,326,449,449,1000000000
ftg,koza1,koza-erc,100,2,47,62,62,335,372,517,517,517,579,579
ftg,koza1,koza-erc,100,10,30,76,118,343,509,509,509,509,509,509
ftg,nguyen8,koza-erc,100,42,10,19,45,203,233,233,299,401,1002,1002
ftg,nguyen8,koza-erc,100,53,19,95,95,165,165,165,565,565,565,565
ftg,nguyen8,koza-erc,100,54,11,61,142,229,267,267,303,571,838,838
ftg,nguyen8,koza-erc,100,5,10,30,76,143,231,231,434,434,479,479
ftg,nguyen8,koza-erc,100,17,20,60,60,98,120,120,181,399,689,1000000000
ftg,nguyen8,koza-erc,100,74,19,31,44,44,118,295,370,458,513,513
ftg,nguyen8,koza-erc,100,36,15,132,132,155,155,180,279,431,522,1000000000
ftg,nguyen8,koza-erc,100,16,10,19,76,164,164,222,303,487,748,748
ftg,nguyen8,koza-erc,100,49,11,20,32,32,61,61,272,377,676,1000000000
ftg,nguyen8,koza-erc,100,60,10,21,60,60,60,60,60,301,487,1000000000
ftg,nguyen8,koza-erc,100,24,43,43,59,98,124,282,395,570,802,802
ftg,nguyen8,koza-erc,100,80,10,43,43,43,138,291,336,441,1183,1183
ftg,nguyen8,koza-erc,100,9,46,78,121,199,199,306,433,475,475,1000000000
ftg,nguyen8,koza-erc,100,44,19,19,100,100,144,204,464,604,604,604
ftg,nguyen8,koza-erc,100,91,10,43,58,76,97,97,97,256,844,1000000000
ftg,nguyen8,koza-erc,100,23,10,33,48,82,82,244,275,436,1263,1000000000
ftg,nguyen8,koza-erc,100,13,31,31,61,61,97,201,337,425,425,425
ftg,nguyen8,koza-erc,100,31,11,20,31,76,123,146,303,435,689,1000000000
ftg,nguyen8,koza-erc,100,57,10,43,59,59,59,310,443,496,611,611
ftg,nguyen8,koza-erc,100,71,31,31,61,61,78,169,268,268,380,1000000000
ftg,nguyen8,koza-erc,100,35,10,19,77,169,169,230,410,505,558,1000000000
ftg,nguyen8,koza-erc,100,67,44,59,166,223,223,258,337,496,549,549
ftg,nguyen8,koza-erc,100,11,75,94,94,115,115,196,227,525,592,592
ftg,nguyen8,koza-erc,100,21,10,31,79,144,144,144,171,440,557,1000000000
ftg,nguyen8,koza-erc,100,84,10,19,147,147,147,335,486,553,553,1000000000
ftg,nguyen8,koza-erc,100,83,19,19,30,30,96,175,276,276,356,1000000000
ftg,nguyen8,koza-erc,100,62,10,46,120,145,171,430,884,884,884,884
ftg,nguyen8,koza-erc,100,73,30,30,30,59,80,101,123,123,649,1000000000
ftg,nguyen8,koza-erc,100,28,10,19,60,117,196,370,370,450,563,563
ftg,nguyen8,koza-erc,100,27,31,31,31,119,119,142,295,467,1166,1166
ftg,nguyen8,koza-erc,100,92,19,62,62,62,149,178,452,549,549,549
ftg,nguyen8,koza-erc,100,72,10,43,94,94,140,140,239,278,328,328
ftg,nguyen8,koza-erc,100,64,10,20,31,31,31,209,325,446,446,1000000000
ftg,nguyen8,koza-erc,100,52,24,37,107,205,205,339,459,512,608,608
ftg,nguyen8,koza-erc,100,7,19,143,143,224,224,303,384,431,526,1000000000
ftg,nguyen8,koza-erc,100,51,10,32,32,122,260,260,345,495,545,545
ftg,nguyen8,koza-erc,100,82,11,32,47,104,174,174,236,385,524,1000000000
ftg,nguyen8,koza-erc,100,3,10,19,79,195,258,291,442,557,557,557
ftg,nguyen8,koza-erc,100,39,10,19,19,19,30,47,102,225,400,1000000000
ftg,nguyen8,koza-erc,100,33,10,32,32,121,144,175,235,431,673,1000000000
ftg,nguyen8,koza-erc,100,38,11,20,47,98,98,121,342,625,625,625
ftg,nguyen8,koza-erc,100,19,10,10,19,19,43,43,43,212,3515,1000000000
ftg,nguyen8,koza-erc,100,76,59,97,97,141,141,141,141,141,375,1000000000
ftg,nguyen8,koza-erc,100,79,10,44,44,85,108,478,688,688,688,1000000000
ftg,nguyen8,koza-erc,100,96,10,10,58,96,96,290,523,523,523,1000000000
ftg,nguyen8,koza-erc,100,75,32,45,65,101,101,101,125,295,494,1000000000
ftg,nguyen8,koza-erc,100,93,20,77,96,142,142,142,142,246,309,1000000000
ftg,nguyen8,koza-erc,100,48,19,30,78,78,78,179,309,353,445,445
ftg,nguyen8,koza-erc,100,68,10,10,97,170,290,412,506,506,506,506
ftg,nguyen8,koza-erc,100,70,10,32,153,176,947,5966,53801,53801,53801,53801
ftg,nguyen8,koza-erc,100,50,19,19,45,81,174,174,363,458,584,584
ftg,nguyen8,koza-erc,100,89,12,32,32,60,60,60,199,296,413,1000000000
ftg,nguyen8,koza-erc,100,8,10,95,116,116,116,140,228,312,778,1000000000
ftg,nguyen8,koza-erc,100,69,10,10,44,83,105,105,390,509,820,820
ftg,nguyen8,koza-erc,100,20,10,20,32,45,60,201,277,277,277,1000000000
ftg,nguyen8,koza-erc,100,85,30,60,77,77,121,320,445,621,680,680
ftg,nguyen8,koza-erc,100,15,10,31,44,77,96,149,408,408,580,1000000000
ftg,nguyen8,koza-erc,100,59,19,19,140,166,193,463,463,545,545,545
ftg,nguyen8,koza-erc,100,40,30,44,59,167,167,167,167,297,361,1000000000
ftg,nguyen8,koza-erc,100,66,30,30,43,58,58,58,104,324,482,1000000000
ftg,nguyen8,koza-erc,100,25,19,19,30,30,80,80,150,401,731,731
ftg,nguyen8,koza-erc,100,97,21,21,21,47,47,84,177,326,752,752
ftg,nguyen8,koza-erc,100,4,43,60,167,167,167,196,242,333,1314,1000000000
ftg,nguyen8,koza-erc,100,88,19,58,58,58,117,117,176,272,1302,1000000000
ftg,nguyen8,koza-erc,100,43,10,21,21,51,103,161,398,455,612,1000000000
ftg,nguyen8,koza-erc,100,55,10,31,45,60,103,264,351,403,442,1000000000
ftg,nguyen8,koza-erc,100,99,10,77,97,144,264,295,715,2567,3295,3295
ftg,nguyen8,koza-erc,100,81,59,77,77,168,332,332,424,424,602,602
ftg,nguyen8,koza-erc,100,29,12,21,82,82,82,178,211,211,211,211
ftg,nguyen8,koza-erc,100,77,10,19,44,61,61,153,518,518,518,1000000000
ftg,nguyen8,koza-erc,100,98,32,32,78,166,166,166,166,166,196,1000000000
ftg,nguyen8,koza-erc,100,65,44,59,76,76,76,175,210,324,496,496
ftg,nguyen8,koza-erc,100,78,31,31,44,59,59,77,163,213,387,387
ftg,nguyen8,koza-erc,100,37,10,10,20,32,32,32,107,107,107,1000000000
ftg,nguyen8,koza-erc,100,90,21,21,47,47,119,119,238,361,583,1000000000
ftg,nguyen8,koza-erc,100,12,11,59,139,193,222,403,444,444,846,846
ftg,nguyen8,koza-erc,100,45,10,22,22,64,81,145,314,635,794,794
ftg,nguyen8,koza-erc,100,56,34,62,120,143,143,143,143,269,469,1000000000
ftg,nguyen8,koza-erc,100,14,10,35,82,103,124,302,344,344,789,1000000000
ftg,nguyen8,koza-erc,100,47,45,45,45,77,118,331,331,331,536,1000000000
ftg,nguyen8,koza-erc,100,86,12,12,21,81,81,389,471,471,471,1000000000
ftg,nguyen8,koza-erc,100,22,20,20,35,63,126,126,126,346,648,1000000000
ftg,nguyen8,koza-erc,100,58,10,21,21,60,143,199,199,384,24728,1000000000
ftg,nguyen8,koza-erc,100,87,10,10,97,97,142,226,335,335,335,1000000000
ftg,nguyen8,koza-erc,100,61,19,30,61,81,145,145,171,281,318,318
ftg,nguyen8,koza-erc,100,46,31,60,77,96,118,176,459,562,562,562
ftg,nguyen8,koza-erc,100,32,10,33,33,81,81,205,350,444,515,515
ftg,nguyen8,koza-erc,100,6,30,30,30,59,118,143,143,143,787,1000000000
ftg,nguyen8,koza-erc,100,63,30,59,59,59,59,250,343,382,494,494
ftg,nguyen8,koza-erc,100,95,44,59,59,59,198,270,526,606,606,606
ftg,nguyen8,koza-erc,100,26,10,60,77,117,117,264,470,533,533,533
ftg,nguyen8,koza-erc,100,30,32,62,98,119,142,170,265,500,592,1000000000
ftg,nguyen8,koza-erc,100,1,10,32,99,148,148,280,431,472,472,472
ftg,nguyen8,koza-erc,100,0,19,79,79,79,99,281,565,616,780,780
ftg,nguyen8,koza-erc,100,41,31,31,79,229,229,329,412,412,412,1000000000
ftg,nguyen8,koza-erc,100,34,21,46,61,120,120,171,320,320,597,1000000000
ftg,nguyen8,koza-erc,100,18,10,22,48,85,85,214,358,581,716,716
ftg,nguyen8,koza-erc,100,94,10,59,95,140,166,193,293,451,507,1000000000
ftg,nguyen8,koza-erc,100,2,11,47,47,262,262,262,433,638,1024,1024
ftg,nguyen8,koza-erc,100,10,19,44,95,140,140,234,234,234,234,1000000000
ftg,nguyen3,koza-erc,100,42,46,146,146,146,146,389,479,479,479,479
ftg,nguyen3,koza-erc,100,53,191,191,191,286,330,501,501,501,501,501
ftg,nguyen3,koza-erc,100,54,45,168,168,168,168,239,378,625,625,625
ftg,nguyen3,koza-erc,100,5,59,97,376,416,416,416,474,474,548,548
ftg,nguyen3,koza-erc,100,17,98,98,123,123,350,495,800,1181,1181,1181
ftg,nguyen3,koza-erc,100,74,44,141,166,325,365,458,530,530,530,530
ftg,nguyen3,koza-erc,100,36,157,182,313,386,386,436,496,540,540,540
ftg,nguyen3,koza-erc,100,16,95,139,288,326,326,369,369,409,656,656
ftg,nguyen3,koza-erc,100,49,20,99,121,171,671,1456,1505,1505,1505,1505
ftg,nguyen3,koza-erc,100,60,172,232,335,372,414,875,875,875,875,875
ftg,nguyen3,koza-erc,100,24,124,203,303,342,469,1205,1205,1205,1205,1205
ftg,nguyen3,koza-erc,100,80,59,77,162,219,325,369,569,569,569,569
ftg,nguyen3,koza-erc,100,9,199,261,332,504,504,504,504,504,504,504
ftg,nguyen3,koza-erc,100,44,100,144,170,329,456,503,503,503,503,503
ftg,nguyen3,koza-erc,100,91,30,58,141,141,223,301,374,374,1135,1000000000
ftg,nguyen3,koza-erc,100,23,33,102,102,236,597,597,597,668,668,668
ftg,nguyen3,koza-erc,100,13,61,78,171,297,414,529,529,529,529,529
ftg,nguyen3,koza-erc,100,31,124,149,265,265,340,340,618,618,1404,1404
ftg,nguyen3,koza-erc,100,57,43,99,99,126,241,358,495,1234,1234,1234
ftg,nguyen3,koza-erc,100,71,96,140,140,365,405,405,405,479,479,1000000000
ftg,nguyen3,koza-erc,100,35,30,77,260,293,293,2414,2414,2414,2414,2414
ftg,nguyen3,koza-erc,100,67,44,44,59,253,446,489,588,588,588,588
ftg,nguyen3,koza-erc,100,11,94,115,190,287,287,400,444,714,714,714
ftg,nguyen3,koza-erc,100,21,121,121,170,232,416,504,972,972,972,972
ftg,nguyen3,koza-erc,100,84,32,45,383,383,1877,1877,3452,3452,3452,3452
ftg,nguyen3,koza-erc,100,83,30,142,142,295,418,418,509,509,2656,1000000000
ftg,nguyen3,koza-erc,100,62,198,258,258,418,459,503,503,503,503,503
ftg,nguyen3,koza-erc,100,73,59,122,122,231,402,544,598,598,598,598
ftg,nguyen3,koza-erc,100,28,117,140,228,294,329,370,478,478,579,579
ftg,nguyen3,koza-erc,100,27,98,119,119,119,119,185,466,1156,4653,4653
ftg,nguyen3,koza-erc,100,92,64,122,122,122,173,205,309,960,2192,1000000000
ftg,nguyen3,koza-erc,100,72,58,191,191,251,314,543,715,846,846,846
ftg,nguyen3,koza-erc,100,64,20,20,98,229,373,510,510,510,510,510
ftg,nguyen3,koza-erc,100,52,87,107,128,237,341,341,382,441,680,680
ftg,nguyen3,koza-erc,100,7,61,195,328,367,489,489,542,542,542,542
ftg,nguyen3,koza-erc,100,51,60,143,197,365,406,462,462,799,799,799
ftg,nguyen3,koza-erc,100,82,64,230,332,332,410,410,456,525,525,525
ftg,nguyen3,koza-erc,100,3,31,493,567,1259,1259,1259,1259,1259,1259,1259
ftg,nguyen3,koza-erc,100,39,78,97,143,373,410,561,561,561,561,561
ftg,nguyen3,koza-erc,100,33,79,144,197,197,334,413,2143,2143,2143,2143
ftg,nguyen3,koza-erc,100,38,47,171,198,327,453,453,497,497,497,497
ftg,nguyen3,koza-erc,100,19,75,121,144,203,203,233,352,409,643,1000000000
ftg,nguyen3,koza-erc,100,76,97,168,168,305,340,381,444,594,594,594
ftg,nguyen3,koza-erc,100,79,31,31,152,303,338,338,484,788,1007,1007
ftg,nguyen3,koza-erc,100,96,58,58,114,245,280,468,468,468,615,1000000000
ftg,nguyen3,koza-erc,100,75,65,101,101,197,231,231,2019,2019,2019,1000000000
ftg,nguyen3,koza-erc,100,93,96,143,168,256,256,329,329,449,1005,1000000000
ftg,nguyen3,koza-erc,100,48,78,97,173,376,508,551,551,551,551,551
ftg,nguyen3,koza-erc,100,68,78,121,197,404,404,448,494,494,494,494
ftg,nguyen3,koza-erc,100,70,132,208,237,237,450,500,588,588,588,588
ftg,nguyen3,koza-erc,100,50,81,100,100,153,281,315,363,559,4472,1000000000
ftg,nguyen3,koza-erc,100,89,32,124,149,149,306,385,385,525,2114,2114
ftg,nguyen3,koza-erc,100,8,164,164,164,341,476,476,534,534,534,534
ftg,nguyen3,koza-erc,100,69,10,44,60,159,212,395,1010,1010,1010,1010
ftg,nguyen3,koza-erc,100,20,45,45,60,119,143,361,448,2991,15471,15471
ftg,nguyen3,koza-erc,100,85,77,117,141,141,291,291,291,291,1000000000,1000000000
ftg,nguyen3,koza-erc,100,15,44,117,117,175,350,561,611,611,611,611
ftg,nguyen3,koza-erc,100,59,43,166,166,166,378,378,736,4684,4684,4684
ftg,nguyen3,koza-erc,100,40,59,59,141,418,418,545,1236,1236,1236,1236
ftg,nguyen3,koza-erc,100,66,30,43,173,308,468,516,516,516,516,516
ftg,nguyen3,koza-erc,100,25,30,199,391,1925,1925,1925,5897,5897,5897,1000000000
ftg,nguyen3,koza-erc,100,97,47,47,102,231,296,296,333,2759,2759,1000000000
ftg,nguyen3,koza-erc,100,4,60,142,294,4544,4858,6031,8356,8356,8356,8356
ftg,nguyen3,koza-erc,100,88,58,139,165,295,409,680,680,680,680,680
ftg,nguyen3,koza-erc,100,43,21,83,83,83,245,413,617,617,617,617
ftg,nguyen3,koza-erc,100,55,20,102,296,468,468,468,514,514,514,514
ftg,nguyen3,koza-erc,100,99,59,97,144,144,144,144,345,345,399,1000000000
ftg,nguyen3,koza-erc,100,81,43,96,117,378,378,420,420,468,468,1000000000
ftg,nguyen3,koza-erc,100,29,50,50,65,177,342,432,432,432,1665,1665
ftg,nguyen3,koza-erc,100,77,78,118,118,237,342,419,541,541,541,541
ftg,nguyen3,koza-erc,100,98,166,222,253,286,405,448,448,448,600,600
ftg,nguyen3,koza-erc,100,65,76,141,141,141,488,756,2182,2182,2182,2182
ftg,nguyen3,koza-erc,100,78,103,125,205,1828,9192,9192,9192,9192,9192,9192
ftg,nguyen3,koza-erc,100,37,46,119,142,170,284,498,550,550,550,550
ftg,nguyen3,koza-erc,100,90,47,119,119,451,773,1823,2024,2024,2024,2024
ftg,nguyen3,koza-erc,100,12,139,139,216,351,10082,10082,10082,10082,10082,10082
ftg,nguyen3,koza-erc,100,45,81,203,232,426,467,467,467,561,561,561
ftg,nguyen3,koza-erc,100,56,99,99,143,143,143,317,1000000000,1000000000,1000000000,1000000000
ftg,nguyen3,koza-erc,100,14,124,124,148,228,328,688,1175,1175,1175,1175
ftg,nguyen3,koza-erc,100,47,45,45,195,255,255,255,289,515,515,1000000000
ftg,nguyen3,koza-erc,100,86,45,45,122,236,279,355,493,644,644,644
ftg,nguyen3,koza-erc,100,22,20,99,172,230,335,409,501,823,823,1000000000
ftg,nguyen3,koza-erc,100,58,32,168,258,407,407,407,486,486,532,532
ftg,nguyen3,koza-erc,100,87,44,97,196,418,582,582,929,929,929,929
ftg,nguyen3,koza-erc,100,61,100,100,191,253,435,512,26300,26300,38905,38905
ftg,nguyen3,koza-erc,100,46,77,260,260,458,458,502,502,502,502,502
ftg,nguyen3,koza-erc,100,32,81,172,231,334,334,386,435,791,791,791
ftg,nguyen3,koza-erc,100,6,96,117,255,1525,1525,1525,1525,1525,11421,11421
ftg,nguyen3,koza-erc,100,63,30,77,77,148,557,684,684,684,684,684
ftg,nguyen3,koza-erc,100,95,59,255,290,455,455,510,510,510,510,510
ftg,nguyen3,koza-erc,100,26,30,30,97,97,97,296,337,537,537,1000000000
ftg,nguyen3,koza-erc,100,30,167,194,224,380,380,380,380,380,962,962
ftg,nguyen3,koza-erc,100,1,21,172,228,228,311,390,429,472,472,1000000000
ftg,nguyen3,koza-erc,100,0,120,143,298,333,687,687,687,687,687,687
ftg,nguyen3,koza-erc,100,41,31,44,145,195,195,362,2104,2753,2753,2753
ftg,nguyen3,koza-erc,100,34,97,168,337,337,378,511,511,511,511,511
ftg,nguyen3,koza-erc,100,18,48,48,83,83,213,315,315,370,581,1000000000
ftg,nguyen3,koza-erc,100,94,117,193,193,223,292,366,485,531,1017,1017
ftg,nguyen3,koza-erc,100,2,47,47,148,335,518,561,561,561,561,561
ftg,nguyen3,koza-erc,100,10,30,76,118,382,465,465,568,568,568,568
ftg,koza3,koza-erc,100,42,3,3,45,176,408,449,1079,1079,1079,1079
ftg,koza3,koza-erc,100,53,3,3,139,251,379,474,528,528,528,528
ftg,koza3,koza-erc,100,54,3,3,61,142,209,272,511,625,625,625
ftg,koza3,koza-erc,100,5,3,3,59,298,382,425,425,474,548,548
ftg,koza3,koza-erc,100,17,3,3,80,148,302,386,386,638,760,760
ftg,koza3,koza-erc,100,74,3,3,96,254,291,372,372,493,493,493
ftg,koza3,koza-erc,100,36,3,3,134,313,386,386,436,831,831,831
ftg,koza3,koza-erc,100,16,3,3,139,192,334,334,371,557,557,557
ftg,koza3,koza-erc,100,49,3,3,101,147,337,498,954,954,954,954
ftg,koza3,koza-erc,100,60,3,3,232,298,372,414,872,872,872,872
ftg,koza3,koza-erc,100,24,3,3,124,268,429,473,473,529,529,529
ftg,koza3,koza-erc,100,80,3,3,61,191,291,460,513,567,567,567
ftg,koza3,koza-erc,100,9,3,3,145,295,461,506,506,506,506,506
ftg,koza3,koza-erc,100,44,3,3,100,293,293,328,456,456,536,536
ftg,koza3,koza-erc,100,91,3,3,94,227,258,335,372,412,879,1000000000
ftg,koza3,koza-erc,100,23,3,3,65,103,245,495,495,1571,1571,1571
ftg,koza3,koza-erc,100,13,3,3,61,146,172,425,559,559,559,559
ftg,koza3,koza-erc,100,31,3,3,59,103,265,463,463,463,1268,1268
ftg,koza3,koza-erc,100,57,3,3,59,59,86,170,403,640,640,640
ftg,koza3,koza-erc,100,71,3,3,96,140,258,395,439,494,494,494
ftg,koza3,koza-erc,100,35,3,3,142,231,265,335,488,544,544,544
ftg,koza3,koza-erc,100,67,3,3,44,195,372,411,538,538,538,538
ftg,koza3,koza-erc,100,11,3,3,115,221,331,519,601,601,601,601
ftg,koza3,koza-erc,100,21,3,3,79,144,264,302,665,1053,1053,1053
ftg,koza3,koza-erc,100,84,3,3,197,379,1391,1391,1485,1485,1485,1485
ftg,koza3,koza-erc,100,83,3,3,43,118,142,353,471,471,565,1000000000
ftg,koza3,koza-erc,100,62,3,3,21,47,277,786,786,786,786,786
ftg,koza3,koza-erc,100,73,3,3,59,101,231,364,364,780,780,780
ftg,koza3,koza-erc,100,28,3,3,118,167,196,295,464,579,579,579
ftg,koza3,koza-erc,100,27,3,3,98,173,173,457,556,601,601,601
ftg,koza3,koza-erc,100,92,3,3,30,102,239,275,309,811,3882,1000000000
ftg,koza3,koza-erc,100,72,3,3,75,75,222,368,417,523,961,1000000000
ftg,koza3,koza-erc,100,64,3,3,31,173,413,511,511,511,511,511
ftg,koza3,koza-erc,100,52,3,3,67,152,180,280,353,353,1011,1011
ftg,koza3,koza-erc,100,7,3,3,98,226,407,494,494,494,569,569
ftg,koza3,koza-erc,100,51,3,3,98,258,368,511,511,511,511,511
ftg,koza3,koza-erc,100,82,3,3,47,125,336,567,1091,1091,1091,1091
ftg,koza3,koza-erc,100,3,3,3,98,167,449,449,561,561,561,561
ftg,koza3,koza-erc,100,39,3,3,97,143,206,310,591,1209,1209,1209
ftg,koza3,koza-erc,100,33,3,3,21,45,101,241,473,2789,2789,1000000000
ftg,koza3,koza-erc,100,38,3,3,121,198,339,462,560,560,560,560
ftg,koza3,koza-erc,100,19,3,3,75,203,233,310,350,976,976,976
ftg,koza3,koza-erc,100,76,3,3,78,98,244,351,443,548,548,548
ftg,koza3,koza-erc,100,79,3,3,68,129,271,482,531,531,1013,1013
ftg,koza3,koza-erc,100,96,3,3,98,170,343,809,809,809,809,809
ftg,koza3,koza-erc,100,75,3,3,45,45,177,205,205,357,1062,1000000000
ftg,koza3,koza-erc,100,93,3,3,144,233,339,513,513,657,657,657
ftg,koza3,koza-erc,100,48,3,3,19,149,389,525,525,525,525,525
ftg,koza3,koza-erc,100,68,3,3,121,257,404,404,494,494,494,494
ftg,koza3,koza-erc,100,70,3,3,132,180,1094,1094,1094,1094,1154,1154
ftg,koza3,koza-erc,100,50,3,3,100,180,272,272,363,561,561,1000000000
ftg,koza3,koza-erc,100,89,3,3,45,177,349,387,387,387,387,1000000000
ftg,koza3,koza-erc,100,8,3,3,59,116,200,480,534,534,534,534
ftg,koza3,koza-erc,100,69,3,3,20,60,215,277,509,1460,1460,1460
ftg,koza3,koza-erc,100,20,3,3,32,119,143,435,526,1004,1004,1004
ftg,koza3,koza-erc,100,85,3,3,61,61,61,97,252,539,27697,27697
ftg,koza3,koza-erc,100,15,3,3,59,96,175,242,695,695,695,695
ftg,koza3,koza-erc,100,59,3,3,30,140,140,311,1139,1139,5150,5150
ftg,koza3,koza-erc,100,40,3,3,118,118,141,344,514,514,588,588
ftg,koza3,koza-erc,100,66,3,3,124,245,350,527,527,527,527,527
ftg,koza3,koza-erc,100,25,3,3,30,234,4097,4097,21387,21387,21387,21387
ftg,koza3,koza-erc,100,97,3,3,32,203,336,336,462,462,523,1000000000
ftg,koza3,koza-erc,100,4,3,3,143,268,428,826,826,1958,4284,1000000000
ftg,koza3,koza-erc,100,88,3,3,94,298,374,416,501,501,501,501
ftg,koza3,koza-erc,100,43,3,3,51,66,151,211,392,616,616,616
ftg,koza3,koza-erc,100,55,3,3,60,124,338,564,564,564,564,564
ftg,koza3,koza-erc,100,99,3,3,145,340,419,419,419,683,683,683
ftg,koza3,koza-erc,100,81,3,3,147,201,201,378,469,536,536,536
ftg,koza3,koza-erc,100,29,3,3,35,126,239,272,308,486,486,486
ftg,koza3,koza-erc,100,77,3,3,118,142,203,478,478,642,642,642
ftg,koza3,koza-erc,100,98,3,3,78,194,375,414,546,546,900,900
ftg,koza3,koza-erc,100,65,3,3,79,173,301,420,502,593,717,717
ftg,koza3,koza-erc,100,78,3,3,127,179,274,363,728,728,728,728
ftg,koza3,koza-erc,100,37,3,3,119,146,146,297,660,660,660,660
ftg,koza3,koza-erc,100,90,3,3,47,196,488,1848,2219,2219,2219,2219
ftg,koza3,koza-erc,100,12,3,3,31,31,116,481,665,750,750,750
ftg,koza3,koza-erc,100,45,3,3,100,150,264,389,561,561,561,561
ftg,koza3,koza-erc,100,56,3,3,64,81,100,301,501,558,558,558
ftg,koza3,koza-erc,100,14,3,3,124,228,328,852,5338,5338,5338,5338
ftg,koza3,koza-erc,100,47,3,3,98,119,196,357,449,565,565,565
ftg,koza3,koza-erc,100,86,3,3,60,172,236,355,434,533,617,617
ftg,koza3,koza-erc,100,22,3,3,100,148,304,384,384,809,4325,4325
ftg,koza3,koza-erc,100,58,3,3,97,97,120,362,441,486,486,1000000000
ftg,koza3,koza-erc,100,87,3,3,97,142,381,462,517,517,627,627
ftg,koza3,koza-erc,100,61,3,3,83,242,419,464,464,581,581,581
ftg,koza3,koza-erc,100,46,3,3,260,260,301,460,460,460,460,1000000000
ftg,koza3,koza-erc,100,32,3,3,102,231,370,424,501,501,501,1000000000
ftg,koza3,koza-erc,100,6,3,3,227,259,259,426,426,1566,1566,1566
ftg,koza3,koza-erc,100,63,3,3,59,124,389,431,515,769,769,769
ftg,koza3,koza-erc,100,95,3,3,222,255,373,523,523,523,523,523
ftg,koza3,koza-erc,100,26,3,3,30,171,296,422,537,2506,2506,2506
ftg,koza3,koza-erc,100,30,3,3,79,98,268,422,422,422,515,515
ftg,koza3,koza-erc,100,1,3,3,80,147,237,346,467,508,1630,1630
ftg,koza3,koza-erc,100,0,3,3,120,310,382,528,528,528,528,528
ftg,koza3,koza-erc,100,41,3,3,98,197,197,224,9044,9044,9044,9044
ftg,koza3,koza-erc,100,34,3,3,97,142,342,426,468,511,511,511
ftg,koza3,koza-erc,100,18,3,3,67,210,240,271,509,509,807,807
ftg,koza3,koza-erc,100,94,3,3,117,193,223,326,363,426,780,1000000000
ftg,koza3,koza-erc,100,2,3,3,100,232,372,534,534,742,742,742
ftg,koza3,koza-erc,100,10,3,3,118,167,346,520,571,571,571,571
